{
    "usuarios": [
      {
        "email": "alexlima.abh@hotmail.com",
        "senha": "alex",
        "dados_cadastro": {
          "idade": 19,
          "peso": 74,
          "altura": 172,
          "genero": "masculino",
          "objetivo": "perderPeso"
        }
      },
      {
        "email": "pedro.abh@hotmail.com",
        "senha": "pedro",
        "dados_cadastro": {
          "idade": 30,
          "peso": 65,
          "altura": 160,
          "genero": "feminino",
          "objetivo": "ganharMassa"
        }
      }
    ]
  }