[
    {
        "nome": "Tapioca de frango",
        "ingredientes": [
            "1 colher (sopa) de azeite",
            "1 tomate grande, sem sementes",
            "1 sache de tempero"
        ],
        "modoDePreparo": "em uma frigideira media....",
        "ingredienteImage": "C:/Users/guilh/Downloads/guilherme-francisco.github.io/public/images/logo.png"
    },
    {
        "nome": "Tapioca de frango",
        "ingredientes": [
            "1 colher (sopa) de azeite",
            "1 tomate grande, sem sementes",
            "1 sache de tempero"
        ],
        "modoDePreparo": "em uma frigideira media....",
        "ingredienteImage": "C:/Users/guilh/Downloads/guilherme-francisco.github.io/public/images/logo.png"
    },
    {
        "nome": "Tapioca de frango",
        "ingredientes": [
            "1 colher (sopa) de azeite",
            "1 tomate grande, sem sementes",
            "1 sache de tempero"
        ],
        "modoDePreparo": "em uma frigideira media....",
        "ingredienteImage": "C:/Users/guilh/Downloads/guilherme-francisco.github.io/public/images/logo.png"
    },
    {
        "nome": "Tapioca de frango",
        "ingredientes": [
            "1 colher (sopa) de azeite",
            "1 tomate grande, sem sementes",
            "1 sache de tempero"
        ],
        "modoDePreparo": "em uma frigideira media....",
        "ingredienteImage": "C:/Users/guilh/Downloads/guilherme-francisco.github.io/public/images/logo.png"
    }

]