[
    {
        "titulo": "Tapioca de Frango",
        "ingredientes": [
            "1 colher (sopa) de Azeite de Oliva Extra Virgem",
            "1 tomate grande, sem sementes, picado",
            "1 sachê de Tempero",
            "meia colher (chá) de sal",
            "meia cebola pequena picada",
            "1 peito de frango grande, cozido e desfiado (400 g)",
            "2 e meia xícaras (chá) de goma pronta para tapioca (375 g)"
        ],
        "modoDePreparo": "Em uma frigideira média, coloque o azeite TERRANO@ e leve ao fogo alto para aquecer. Junte o tomate, o Tempero e o sal, e refogue por 3 minutos, ou até o tomate começar a desmanchar. Acrescente a cebola e refogue por 2 minutos, ou até que fique transparente. Abaixe o fogo, adicione o frango e cozinhe por 3 minutos, ou até o frango dourar. Retire do fogo e reserve.\n Em uma frigideira média, espalhe meia xícara (chá) da goma de tapioca e leve ao fog baixo para aquecer. Deixe por cerca de 1 minuto e vire com o auxílio de uma espátula. Disponha parte do recheio em uma das pontas, dobre a tapioca ao meio, deixe por mais 10 segundos e retire do fogo. Repita o processo com os ingredientes restantes e sirva em seguinda.",
        "receitaImagem": "images/tapioca_da_paola.png"
    },
    {
        "titulo": "Pão de queijo de frigideira",
        "ingredientes": [
            "ovo",
            "1 clara",
            "1 colher de sopa de água",
            "2 colheres de sopa de polvilho doce",
            "1 colher de sopa de polvilho azedo",
            "1 colher de sopa do queijo de sua preferência",
            "1 pitada de sal"
        ],
        "modoDePreparo": "Bata todos os ingredientes no liquidificador.\nColoque em uma frigideira antiaderente, em fogo baixo, até cozinhar e soltar do fundo.\nVire a massa do outro lado para dourar.",
        "receitaImagem": "images/pao_de_queijo_de_frigideira.png"
    }
]