{
    "video": [
        {
            "id": "1ljCPqyAxec",
            "titulo": "Dicas para aumentar a massa muscular",
            "descricao": "A perda de massa muscular é natural durante o processo de envelhecimento, também conhecida como sarcopenia. O envelhecimento pode provocar mudanças hormonais e fisiológicas ou doenças características da idade que fazem com que a Sarcopenia provoque uma perda progressiva. Porém, nem sempre a velhice é a causadora da Sarcopenia, outros fatores associados aos seus aparecimento são o sedentarismo e a má alimentação...",
            "url": "https://www.youtube.com/watch?v=1ljCPqyAxec",
            "thumbnail": "https://img.youtube.com/vi/1ljCPqyAxec/hqdefault.jpg"
        }
    ]
}